{
    "BRAKING": 0.5000000190734863,
    "CORRECT_TARGET": 0.6000000238418579,
    "GRAVITY": -0.15000000596046448,
    "MOVE_SPEED": 2.0,
    "MOVE_SPEED_AIR": 0.30000001192092896,
    "TRIGGER_JUMP": 2.75
}